%roundNum, %playerNum, %fitness, %myMovesWeight, %theirMovesWeight, %myPiecesWeight, %theirMovesWeight, %myMovableWeight, %theirMovableWeight, %timeIndividualFinished
0, 0, 0.36, 1.0, 3.0, 1.11890640598, 3.0, 1.0, 3.0, 16:08:20.856051
0, 1, 0.44, 0.53561174646, 3.0, 1.0, 3.0, 1.0, 3.0, 16:08:45.410079
0, 2, 0.3, 1.0, 3.0, 1.0, 3.0, 1.0, 3.0, 16:09:09.962003
0, 3, 0.3, 1.0, 3.0, 1.0, 3.0, 1.0, 3.0, 16:09:32.967391
0, 4, 0.4, 1.0, 3.0, 1.0, 3.0, 0.700324543927, 3.0, 16:09:59.086508
1, 0, 0.24, 1.0, 3.0, 1.0, 3.0, 0.506706109835, 2.9102400954, 16:10:22.860370
1, 1, 0.4, 1.0, 3.0, 1.0, 3.0, 0.700324543927, 3.0, 16:10:48.986179
1, 2, 0.38, 1.0, 3.0, 0.529516015721, 3.0, 0.700324543927, 3.0, 16:11:14.530258
1, 3, 0.42, 1.4244555579, 3.0, 0.990950409258, 3.0, 0.66763744789, 3.0, 16:11:39.141845
1, 4, 0.4, 1.0, 3.0, 1.0, 3.0, 0.700324543927, 3.0, 16:12:04.457588
2, 0, 0.32, 1.0, 2.67419649768, 1.0, 2.67419649768, 0.700324543927, 3.0, 16:12:30.234744
2, 1, 0.42, 1.0, 3.0, 1.0, 3.0, 0.200946158398, 3.0, 16:12:55.715735
2, 2, 0.34, 1.0, 3.0, 1.21390358256, 3.0, 0.700324543927, 3.0, 16:13:21.815681
2, 3, 0.32, 1.0, 3.0, 1.0, 3.0, 0.700324543927, 3.0, 16:13:46.488070
2, 4, 0.32, 1.0, 3.0, 1.0, 3.0, 1.12400695876, 3.0, 16:14:10.724822
3, 0, 0.46, 1.0, 3.0, 1.0, 3.0, 1.12400695876, 3.0, 16:14:37.364785
3, 1, 0.34, 1.0, 3.2963282576, 1.0, 3.2963282576, 1.12400695876, 3.0, 16:15:04.042779
3, 2, 0.42, 1.0, 3.0, 1.0, 3.0, 1.12400695876, 3.0, 16:15:27.983898
3, 3, 0.38, 1.0, 3.0, 1.0, 3.0, 1.50767037199, 3.0, 16:15:52.699973
3, 4, 0.4, 1.0, 3.0, 0.848626185051, 3.0, 1.32402215586, 3.0, 16:16:16.830088
4, 0, 0.3, 1.0, 3.0, 0.720109533668, 3.0, 1.32402215586, 3.0, 16:16:41.728437
4, 1, 0.38, 0.737656661708, 3.0, 0.848626185051, 3.0, 1.32402215586, 3.0, 16:17:07.366910
4, 2, 0.34, 1.0, 2.59965086845, 0.848626185051, 2.59965086845, 1.21430445587, 3.0, 16:17:34.248221
4, 3, 0.34, 1.0, 3.0, 0.848626185051, 3.0, 0.961386001857, 3.0, 16:17:59.050384
4, 4, 0.42, 1.0, 3.0, 0.848626185051, 3.0, 1.43707072501, 3.0, 16:18:25.620740
5, 0, 0.32, 1.0, 3.31020020764, 0.37507205151, 3.31020020764, 1.51960542804, 3.0, 16:18:51.729632
5, 1, 0.38, 1.0, 3.0, 0.848626185051, 3.0, 1.43707072501, 3.0, 16:19:16.766484
5, 2, 0.34, 1.0, 3.0, 1.02141518201, 3.0, 1.43707072501, 3.0, 16:19:43.090424
5, 3, 0.46, 1.0, 2.73488049668, 0.848626185051, 2.73488049668, 1.43707072501, 3.0, 16:20:09.760919
5, 4, 0.42, 1.0, 3.0, 0.848626185051, 3.0, 1.43707072501, 3.0, 16:20:34.768254
6, 0, 0.28, 1.0, 3.0, 0.874348273261, 3.0, 1.43707072501, 3.0, 16:21:00.075260
6, 1, 0.46, 1.0, 3.0, 0.848626185051, 3.0, 1.43707072501, 3.0, 16:21:25.023775
6, 2, 0.34, 0.534963742561, 3.0, 0.848626185051, 3.0, 1.43707072501, 3.00267938644, 16:21:50.361689
6, 3, 0.4, 1.0, 3.12892951108, 0.848626185051, 3.12892951108, 1.43707072501, 2.78953244567, 16:22:15.468683
6, 4, 0.38, 1.0, 3.0, 0.848626185051, 3.0, 1.43707072501, 3.0, 16:22:40.469807
7, 0, 0.4, 1.0, 2.88899995831, 0.750603152732, 2.88899995831, 1.43707072501, 3.0, 16:23:06.149292
7, 1, 0.32, 1.44478242848, 3.0, 0.848626185051, 3.0, 1.43707072501, 3.42347118932, 16:23:32.038114
7, 2, 0.36, 1.0, 3.0, 0.848626185051, 3.0, 1.43707072501, 3.0, 16:23:58.116145
7, 3, 0.42, 1.0, 3.0, 0.848626185051, 3.0, 1.43707072501, 3.0, 16:24:22.544666
7, 4, 0.24, 1.04831263415, 2.51381364208, 0.848626185051, 2.51381364208, 1.43707072501, 3.0, 16:24:48.283674
8, 0, 0.38, 1.04831263415, 2.51381364208, 0.848626185051, 2.51381364208, 1.43707072501, 3.0, 16:25:13.310152
8, 1, 0.36, 1.04831263415, 2.51381364208, 0.848626185051, 2.51381364208, 1.43707072501, 3.0, 16:25:39.399334
8, 2, 0.34, 0.711810994312, 2.51381364208, 0.848626185051, 2.51381364208, 1.43707072501, 2.50904360704, 16:26:03.466092
8, 3, 0.28, 1.04831263415, 2.51381364208, 0.499426404371, 2.51381364208, 1.43707072501, 3.0, 16:26:28.896835
8, 4, 0.44, 1.04831263415, 2.38179780899, 0.848626185051, 2.38179780899, 1.43707072501, 2.80430526694, 16:26:54.528310
9, 0, 0.38, 1.04831263415, 2.38179780899, 0.848626185051, 2.38179780899, 1.43707072501, 2.80430526694, 16:27:22.926671
9, 1, 0.4, 1.04831263415, 2.38179780899, 0.848626185051, 2.38179780899, 1.43707072501, 2.80430526694, 16:27:48.882589
9, 2, 0.4, 1.04831263415, 2.38179780899, 0.848626185051, 2.38179780899, 1.43707072501, 2.80430526694, 16:28:14.522273
9, 3, 0.34, 0.851786573295, 2.38179780899, 0.848626185051, 2.38179780899, 1.43707072501, 2.80430526694, 16:28:40.828097
9, 4, 0.3, 1.04831263415, 2.38179780899, 1.09553891009, 2.38179780899, 1.43707072501, 2.80430526694, 16:29:07.776321
10, 0, 0.4, 1.26094865151, 2.38179780899, 1.09553891009, 2.38179780899, 1.43707072501, 2.80430526694, 16:29:35.336840
10, 1, 0.38, 0.758290433488, 2.83932238066, 0.720119284277, 2.83932238066, 1.43707072501, 2.80430526694, 16:30:00.587705
10, 2, 0.28, 1.04831263415, 2.85889590274, 1.09553891009, 2.85889590274, 1.43707072501, 2.80430526694, 16:30:26.391817
10, 3, 0.32, 1.04831263415, 2.38179780899, 1.4624300027, 2.38179780899, 1.43707072501, 2.80430526694, 16:30:52.831331
10, 4, 0.3, 1.04831263415, 2.38179780899, 1.09553891009, 2.38179780899, 1.43707072501, 2.80430526694, 16:31:18.774011
11, 0, 0.34, 1.04831263415, 2.38179780899, 1.17767380112, 2.38179780899, 1.43707072501, 2.80430526694, 16:31:44.734805
11, 1, 0.36, 1.04831263415, 2.38179780899, 1.09553891009, 2.38179780899, 0.977995186369, 2.80430526694, 16:32:09.100622
11, 2, 0.3, 1.04831263415, 1.89822605339, 1.09553891009, 1.89822605339, 1.35935160209, 2.80430526694, 16:32:35.758516
11, 3, 0.4, 1.04831263415, 2.38179780899, 1.09553891009, 2.38179780899, 1.43707072501, 2.80430526694, 16:33:00.695469
11, 4, 0.38, 1.04831263415, 2.38179780899, 1.09553891009, 2.38179780899, 1.43707072501, 2.80430526694, 16:33:27.811224
12, 0, 0.24, 1.04831263415, 2.38179780899, 1.09553891009, 2.38179780899, 1.43707072501, 2.80430526694, 16:33:52.719994
12, 1, 0.34, 1.04831263415, 2.38179780899, 1.14866537823, 2.38179780899, 1.43707072501, 2.80430526694, 16:34:19.235917
12, 2, 0.36, 1.04831263415, 2.64607843161, 1.09553891009, 2.64607843161, 1.43707072501, 2.80430526694, 16:34:44.343313
12, 3, 0.4, 0.923536937629, 2.38179780899, 1.09553891009, 2.38179780899, 1.43707072501, 2.80430526694, 16:35:09.744044
12, 4, 0.26, 1.04831263415, 2.38179780899, 1.09553891009, 2.38179780899, 1.53647400323, 2.80430526694, 16:35:35.637072
13, 0, 0.3, 1.04831263415, 2.38179780899, 1.17086930907, 2.38179780899, 1.53647400323, 2.80430526694, 16:36:01.015253
13, 1, 0.38, 1.04831263415, 2.38179780899, 1.09553891009, 2.38179780899, 1.53647400323, 2.93352129486, 16:36:28.044963
13, 2, 0.34, 1.04831263415, 2.46428142858, 1.09553891009, 2.46428142858, 1.53647400323, 2.80430526694, 16:36:53.943048
13, 3, 0.42, 1.04831263415, 2.38179780899, 1.09553891009, 2.38179780899, 1.53647400323, 2.80430526694, 16:37:19.911272
13, 4, 0.3, 1.04831263415, 2.38179780899, 1.09553891009, 2.38179780899, 1.53647400323, 2.80430526694, 16:37:45.256832
14, 0, 0.28, 1.44747149304, 2.38179780899, 1.09553891009, 2.38179780899, 1.53647400323, 2.80430526694, 16:38:09.424228
14, 1, 0.3, 1.04831263415, 2.38179780899, 0.857698202231, 2.38179780899, 1.53647400323, 2.80430526694, 16:38:35.595100
14, 2, 0.5, 1.04831263415, 2.22392408623, 1.09553891009, 2.22392408623, 1.53647400323, 2.80430526694, 16:39:02.183171
14, 3, 0.26, 1.04831263415, 2.38179780899, 1.09553891009, 2.38179780899, 1.53647400323, 2.45525395433, 16:39:28.606740
14, 4, 0.3, 1.04831263415, 2.38179780899, 1.09553891009, 2.38179780899, 1.96330315082, 2.80430526694, 16:39:55.127518
15, 0, 0.3, 1.24703048727, 2.38179780899, 1.09553891009, 2.38179780899, 1.96330315082, 2.80430526694, 16:40:22.165023
15, 1, 0.28, 1.04831263415, 2.38179780899, 1.09553891009, 2.38179780899, 1.96330315082, 2.80430526694, 16:40:48.917181
15, 2, 0.3, 1.04831263415, 2.38179780899, 1.09553891009, 2.38179780899, 2.31330454206, 2.65899186314, 16:41:16.542101
15, 3, 0.26, 1.26118127694, 2.38179780899, 1.09553891009, 2.38179780899, 1.96330315082, 2.80430526694, 16:41:45.197481
15, 4, 0.26, 1.04831263415, 2.38179780899, 1.09553891009, 2.38179780899, 1.84687833983, 2.80430526694, 16:42:09.064711
16, 0, 0.34, 1.04831263415, 2.38179780899, 1.09553891009, 2.38179780899, 1.84687833983, 2.80430526694, 16:42:34.137887
16, 1, 0.34, 0.574494297702, 2.46105395737, 0.66862783921, 2.46105395737, 1.84687833983, 2.80430526694, 16:42:58.756088
16, 2, 0.26, 1.04831263415, 2.38179780899, 1.09553891009, 2.38179780899, 1.84687833983, 2.80430526694, 16:43:24.972034
16, 3, 0.26, 1.04831263415, 2.38179780899, 1.09553891009, 2.38179780899, 1.84687833983, 2.80430526694, 16:43:52.348110
16, 4, 0.2, 1.04831263415, 2.38179780899, 1.09553891009, 2.38179780899, 1.84687833983, 2.80430526694, 16:44:19.281998
17, 0, 0.26, 1.04831263415, 2.38179780899, 1.09553891009, 2.38179780899, 1.84687833983, 2.80430526694, 16:44:45.612734
17, 1, 0.34, 1.04831263415, 2.38179780899, 1.09553891009, 2.38179780899, 1.84687833983, 2.45848778131, 16:45:13.665095
17, 2, 0.32, 1.04831263415, 2.38179780899, 1.31070799846, 2.38179780899, 1.84687833983, 2.80430526694, 16:45:39.618574
17, 3, 0.24, 1.04831263415, 2.38179780899, 1.09553891009, 2.38179780899, 1.84687833983, 2.80430526694, 16:46:06.024842
17, 4, 0.38, 1.04831263415, 2.38179780899, 1.09553891009, 2.38179780899, 1.84687833983, 2.80430526694, 16:46:33.407587
18, 0, 0.4, 1.04831263415, 2.38179780899, 1.09553891009, 2.38179780899, 1.84687833983, 2.80430526694, 16:47:00.257469
18, 1, 0.28, 1.04831263415, 2.80344786204, 0.677826767486, 2.80344786204, 1.84687833983, 2.80430526694, 16:47:27.872737
18, 2, 0.2, 1.04831263415, 2.38179780899, 1.09553891009, 2.38179780899, 1.84687833983, 2.80430526694, 16:47:54.645582
18, 3, 0.26, 1.04831263415, 2.38179780899, 1.09553891009, 2.38179780899, 1.84687833983, 2.80430526694, 16:48:21.588168
18, 4, 0.34, 1.04831263415, 2.38179780899, 1.09553891009, 2.38179780899, 1.84687833983, 3.10644338788, 16:48:46.848297
19, 0, 0.34, 1.04831263415, 2.38179780899, 1.09553891009, 2.38179780899, 1.84687833983, 3.10644338788, 16:49:12.617696
19, 1, 0.24, 1.04831263415, 2.38179780899, 1.22400939287, 2.38179780899, 1.84687833983, 3.2106600556, 16:49:37.012680
19, 2, 0.28, 1.04831263415, 2.38179780899, 0.974976743078, 2.38179780899, 1.84687833983, 3.10644338788, 16:50:03.416928
19, 3, 0.4, 1.04831263415, 2.78638114586, 1.09553891009, 2.78638114586, 1.84687833983, 3.10644338788, 16:50:29.631713
19, 4, 0.32, 1.39844514833, 2.70287498487, 1.09553891009, 2.70287498487, 1.84687833983, 3.10644338788, 16:50:55.219813
20, 0, 0.18, 1.39844514833, 2.60257997722, 1.09553891009, 2.60257997722, 1.84687833983, 3.10644338788, 16:51:22.028892
20, 1, 0.32, 1.39844514833, 2.8389927866, 1.09553891009, 2.8389927866, 1.84687833983, 3.10644338788, 16:51:48.694711
20, 2, 0.32, 1.39844514833, 2.70287498487, 1.09553891009, 2.70287498487, 1.84687833983, 3.10644338788, 16:52:16.839154
20, 3, 0.36, 1.39844514833, 2.70287498487, 1.09553891009, 2.70287498487, 1.84687833983, 3.10644338788, 16:52:41.187189
20, 4, 0.28, 1.39844514833, 2.70287498487, 1.09553891009, 2.70287498487, 1.84687833983, 3.10644338788, 16:53:07.900482
21, 0, 0.5, 1.39844514833, 2.70287498487, 1.09553891009, 2.70287498487, 1.84687833983, 3.10644338788, 16:53:33.676279
21, 1, 0.26, 1.39844514833, 2.70287498487, 1.09553891009, 2.70287498487, 1.49156446381, 3.23668667852, 16:53:59.523897
21, 2, 0.26, 1.39844514833, 2.70287498487, 1.37687389221, 2.70287498487, 1.84687833983, 3.10644338788, 16:54:25.640388
21, 3, 0.42, 1.05196277527, 2.70287498487, 1.09553891009, 2.70287498487, 1.84687833983, 3.10644338788, 16:54:51.795793
21, 4, 0.36, 1.39844514833, 3.16538246864, 1.09553891009, 3.16538246864, 1.47631831679, 3.10644338788, 16:55:18.132562
22, 0, 0.32, 1.68879449649, 3.16538246864, 1.09553891009, 3.16538246864, 1.77204546874, 3.10644338788, 16:55:45.827832
22, 1, 0.26, 1.39844514833, 3.23233985771, 1.09553891009, 3.23233985771, 1.47631831679, 3.10644338788, 16:56:10.841056
22, 2, 0.38, 1.39844514833, 3.16538246864, 1.09553891009, 3.16538246864, 1.47631831679, 3.10644338788, 16:56:36.748338
22, 3, 0.38, 1.39844514833, 3.16538246864, 1.09553891009, 3.16538246864, 1.47631831679, 3.10644338788, 16:57:02.983636
22, 4, 0.24, 1.39844514833, 3.16538246864, 1.0210498076, 3.16538246864, 1.10442476383, 3.10644338788, 16:57:27.054366
23, 0, 0.32, 1.13928920089, 3.16538246864, 1.0210498076, 3.16538246864, 1.10442476383, 3.10644338788, 16:57:52.046856
23, 1, 0.3, 1.39844514833, 3.16538246864, 1.14270049106, 3.16538246864, 1.10442476383, 3.10644338788, 16:58:17.894012
23, 2, 0.46, 1.39844514833, 3.16538246864, 1.0210498076, 3.16538246864, 1.10442476383, 3.10644338788, 16:58:43.101528
23, 3, 0.22, 1.39844514833, 3.16538246864, 1.0210498076, 3.16538246864, 1.10442476383, 3.10644338788, 16:59:09.124212
23, 4, 0.38, 1.39844514833, 3.49287560872, 1.0210498076, 3.49287560872, 0.915679988019, 3.10644338788, 16:59:35.520396
24, 0, 0.3, 1.39844514833, 3.49287560872, 1.0210498076, 3.49287560872, 0.915679988019, 3.10644338788, 16:59:59.923735
24, 1, 0.26, 1.39844514833, 3.49287560872, 1.0210498076, 3.49287560872, 1.17117973385, 3.10644338788, 17:00:26.761756
24, 2, 0.32, 1.39844514833, 3.49287560872, 1.0210498076, 3.49287560872, 0.915679988019, 3.10644338788, 17:00:51.580388
24, 3, 0.44, 1.39844514833, 3.49287560872, 1.0210498076, 3.49287560872, 0.915679988019, 3.10644338788, 17:01:17.181991
24, 4, 0.28, 1.39844514833, 3.49287560872, 1.0210498076, 3.49287560872, 0.789158539338, 3.10644338788, 17:01:42.309908
25, 0, 0.38, 1.15185855181, 3.49287560872, 1.0210498076, 3.49287560872, 1.2311518724, 3.10644338788, 17:02:08.129255
25, 1, 0.3, 1.39844514833, 3.49287560872, 1.0210498076, 3.49287560872, 0.789158539338, 3.10644338788, 17:02:35.707753
25, 2, 0.3, 1.39844514833, 3.49287560872, 1.4413657228, 3.49287560872, 0.89914037656, 3.10644338788, 17:03:00.147264
25, 3, 0.34, 1.39844514833, 3.49287560872, 1.0210498076, 3.49287560872, 0.789158539338, 3.10644338788, 17:03:28.779084
25, 4, 0.32, 1.39844514833, 3.49287560872, 1.0210498076, 3.49287560872, 0.789158539338, 3.10644338788, 17:03:55.892679
26, 0, 0.32, 1.39844514833, 3.49287560872, 1.0210498076, 3.49287560872, 0.961876092654, 3.10644338788, 17:04:23.777459
26, 1, 0.36, 1.39844514833, 3.49287560872, 1.0210498076, 3.49287560872, 0.789158539338, 3.10644338788, 17:04:49.954342
26, 2, 0.3, 1.39844514833, 3.49287560872, 1.0210498076, 3.49287560872, 0.789158539338, 3.10644338788, 17:05:14.706562
26, 3, 0.4, 1.39844514833, 3.37556749596, 1.0210498076, 3.37556749596, 0.789158539338, 3.10644338788, 17:05:39.496343
26, 4, 0.42, 1.39844514833, 3.49287560872, 1.0210498076, 3.49287560872, 1.24194932761, 3.10644338788, 17:06:06.789732
27, 0, 0.3, 1.77832910193, 3.49287560872, 1.0210498076, 3.49287560872, 1.23194484911, 3.10644338788, 17:06:32.406606
27, 1, 0.32, 1.39844514833, 3.03457011492, 1.0210498076, 3.03457011492, 1.24194932761, 3.10644338788, 17:06:59.461317
27, 2, 0.34, 1.18744256381, 3.49287560872, 1.0210498076, 3.49287560872, 1.24194932761, 3.10644338788, 17:07:25.007033
27, 3, 0.48, 1.39844514833, 3.69268761019, 1.0210498076, 3.69268761019, 1.24194932761, 3.10644338788, 17:07:50.293547
27, 4, 0.28, 1.39844514833, 3.49287560872, 1.0954946927, 3.49287560872, 1.41424200184, 3.10644338788, 17:08:15.438910
28, 0, 0.38, 1.39844514833, 3.49287560872, 1.0954946927, 3.49287560872, 1.41424200184, 3.10644338788, 17:08:41.063499
28, 1, 0.3, 1.72701830133, 3.49287560872, 1.0954946927, 3.49287560872, 1.41424200184, 3.10644338788, 17:09:07.697434
28, 2, 0.34, 1.39844514833, 3.0531380197, 1.0954946927, 3.0531380197, 1.41424200184, 3.10644338788, 17:09:33.844419
28, 3, 0.32, 1.39844514833, 3.80369128451, 1.0954946927, 3.80369128451, 1.41424200184, 3.10644338788, 17:09:58.544702
28, 4, 0.38, 1.39844514833, 3.49287560872, 1.0954946927, 3.49287560872, 0.91694704467, 3.10644338788, 17:10:23.620911
29, 0, 0.46, 1.39844514833, 3.49287560872, 1.0954946927, 3.49287560872, 0.91694704467, 3.10644338788, 17:10:51.130710
29, 1, 0.26, 1.39844514833, 3.49287560872, 1.0954946927, 3.49287560872, 0.695120503446, 3.10644338788, 17:11:17.973151
29, 2, 0.32, 1.39844514833, 3.49287560872, 1.0954946927, 3.49287560872, 0.91694704467, 2.72238216778, 17:11:45.796100
29, 3, 0.34, 1.39844514833, 3.49287560872, 1.0954946927, 3.49287560872, 0.91694704467, 3.10644338788, 17:12:09.883104
29, 4, 0.34, 1.39844514833, 3.49287560872, 1.0954946927, 3.49287560872, 0.981949828874, 3.10644338788, 17:12:36.484266
30, 0, 0.18, 1.39844514833, 3.49287560872, 1.0954946927, 3.49287560872, 0.981949828874, 3.2694868881, 17:13:02.448104
30, 1, 0.32, 1.39844514833, 3.49287560872, 1.0954946927, 3.49287560872, 0.981949828874, 3.10644338788, 17:13:30.110190
30, 2, 0.2, 1.39844514833, 3.49287560872, 1.0954946927, 3.49287560872, 0.981949828874, 3.10644338788, 17:13:56.223516
30, 3, 0.44, 1.39844514833, 3.49287560872, 1.0954946927, 3.49287560872, 0.981949828874, 3.10644338788, 17:14:21.800307
30, 4, 0.38, 1.39844514833, 3.49287560872, 1.0954946927, 3.49287560872, 0.981949828874, 2.81946979995, 17:14:50.551825
31, 0, 0.28, 1.39844514833, 3.49287560872, 1.0954946927, 3.49287560872, 0.981949828874, 2.81946979995, 17:15:16.621361
31, 1, 0.3, 1.39844514833, 3.49287560872, 1.0954946927, 3.49287560872, 0.981949828874, 2.81946979995, 17:15:43.018036
31, 2, 0.46, 1.39844514833, 3.49287560872, 1.0954946927, 3.49287560872, 0.981949828874, 3.16209392152, 17:16:09.238683
31, 3, 0.38, 1.17747962804, 3.49287560872, 1.0954946927, 3.49287560872, 0.981949828874, 2.81946979995, 17:16:35.244002
31, 4, 0.3, 1.39844514833, 3.49287560872, 1.0954946927, 3.49287560872, 0.981949828874, 2.81946979995, 17:17:00.252141
32, 0, 0.22, 1.00050521014, 3.96859045477, 1.0954946927, 3.96859045477, 0.759913973409, 2.81946979995, 17:17:26.033696
32, 1, 0.32, 1.39844514833, 3.49287560872, 1.0954946927, 3.49287560872, 0.981949828874, 2.81946979995, 17:17:51.419905
32, 2, 0.32, 1.39844514833, 3.49287560872, 1.0954946927, 3.49287560872, 0.981949828874, 2.81946979995, 17:18:16.915548
32, 3, 0.4, 1.39844514833, 3.49287560872, 1.0954946927, 3.49287560872, 0.981949828874, 2.81946979995, 17:18:43.929559
32, 4, 0.48, 1.39844514833, 3.49287560872, 1.0954946927, 3.49287560872, 0.775177370889, 2.81946979995, 17:19:09.280757
33, 0, 0.28, 1.39844514833, 3.49287560872, 1.0954946927, 3.49287560872, 0.775177370889, 2.89458351307, 17:19:35.397555
33, 1, 0.36, 1.39844514833, 3.34970226232, 1.0954946927, 3.34970226232, 0.775177370889, 2.81946979995, 17:20:02.048364
33, 2, 0.48, 1.39844514833, 3.49287560872, 1.0954946927, 3.49287560872, 0.712391077056, 2.81946979995, 17:20:26.450228
33, 3, 0.4, 1.39844514833, 3.49287560872, 1.0954946927, 3.49287560872, 1.10716487954, 2.81946979995, 17:20:52.756109
33, 4, 0.24, 1.39844514833, 3.49287560872, 1.0954946927, 3.49287560872, 0.775177370889, 2.81946979995, 17:21:19.185715
34, 0, 0.28, 1.39844514833, 3.49287560872, 1.0954946927, 3.49287560872, 0.775177370889, 2.81946979995, 17:21:44.581168
34, 1, 0.34, 1.39844514833, 3.49287560872, 1.1612367198, 3.49287560872, 0.775177370889, 2.81946979995, 17:22:10.081450
34, 2, 0.34, 1.39844514833, 3.49287560872, 1.0954946927, 3.49287560872, 0.775177370889, 2.81946979995, 17:22:34.856473
34, 3, 0.38, 1.39844514833, 3.49287560872, 1.0954946927, 3.49287560872, 0.775177370889, 2.81946979995, 17:23:02.073231
34, 4, 0.26, 1.39844514833, 3.49287560872, 1.0954946927, 3.49287560872, 0.858401476242, 2.81946979995, 17:23:27.133622
35, 0, 0.42, 1.39844514833, 3.49287560872, 1.39811391248, 3.49287560872, 0.858401476242, 2.81946979995, 17:23:51.495034
35, 1, 0.32, 1.60635089348, 3.49287560872, 1.0954946927, 3.49287560872, 0.858401476242, 2.45150942519, 17:24:17.266482
35, 2, 0.22, 1.39844514833, 3.49287560872, 1.0954946927, 3.49287560872, 0.971483621386, 2.86046603348, 17:24:41.773027
35, 3, 0.4, 1.39844514833, 3.49287560872, 1.12006118492, 3.49287560872, 0.858401476242, 2.81946979995, 17:25:07.202886
35, 4, 0.3, 1.39844514833, 3.49287560872, 1.0954946927, 3.49287560872, 0.858401476242, 2.81946979995, 17:25:34.088758
36, 0, 0.36, 1.39844514833, 3.49287560872, 1.41834742731, 3.49287560872, 0.984347375916, 2.81946979995, 17:26:00.747490
36, 1, 0.38, 1.39844514833, 3.49287560872, 1.0954946927, 3.49287560872, 0.858401476242, 2.81946979995, 17:26:27.500243
36, 2, 0.38, 1.39844514833, 3.49287560872, 1.17795735973, 3.49287560872, 0.7491200284, 3.0681347327, 17:26:54.536264
36, 3, 0.24, 1.39844514833, 3.49287560872, 1.07530681069, 3.49287560872, 0.858401476242, 2.81946979995, 17:27:20.684109
36, 4, 0.38, 1.39844514833, 3.49287560872, 1.30177425753, 3.49287560872, 0.994460214568, 2.81946979995, 17:27:47.149427
37, 0, 0.36, 1.39844514833, 3.49287560872, 1.30177425753, 3.49287560872, 0.994460214568, 3.23387203456, 17:28:12.124532
37, 1, 0.44, 1.39844514833, 3.50113355111, 1.30177425753, 3.50113355111, 0.994460214568, 2.81946979995, 17:28:38.865504
37, 2, 0.26, 1.39844514833, 3.49287560872, 1.30177425753, 3.49287560872, 0.916873771527, 2.81946979995, 17:29:03.287144
37, 3, 0.34, 1.39844514833, 3.49287560872, 1.30177425753, 3.49287560872, 0.994460214568, 2.81946979995, 17:29:30.782668
37, 4, 0.42, 1.39844514833, 3.49287560872, 1.30177425753, 3.49287560872, 0.994460214568, 2.609584984, 17:29:57.812100
38, 0, 0.22, 1.39844514833, 3.49287560872, 1.30177425753, 3.49287560872, 0.994460214568, 2.609584984, 17:30:22.554944
38, 1, 0.32, 1.39844514833, 3.49287560872, 1.30177425753, 3.49287560872, 0.994460214568, 2.94644496073, 17:30:48.465246
38, 2, 0.3, 1.39844514833, 3.49287560872, 1.30177425753, 3.49287560872, 0.994460214568, 2.609584984, 17:31:15.673665
38, 3, 0.44, 1.86310362216, 3.49287560872, 1.58103674347, 3.49287560872, 0.994460214568, 2.609584984, 17:31:41.977952
38, 4, 0.42, 1.39844514833, 3.49287560872, 1.73782182574, 3.49287560872, 0.994460214568, 2.609584984, 17:32:08.640468
39, 0, 0.38, 1.39844514833, 3.9741921679, 1.73782182574, 3.9741921679, 0.994460214568, 2.609584984, 17:32:33.616655
39, 1, 0.42, 1.39844514833, 3.49287560872, 1.73782182574, 3.49287560872, 0.994460214568, 2.609584984, 17:32:59.449459
39, 2, 0.32, 1.39844514833, 3.49287560872, 1.73782182574, 3.49287560872, 0.675534039924, 2.609584984, 17:33:26.786135
39, 3, 0.36, 1.39844514833, 3.49287560872, 1.73782182574, 3.49287560872, 0.994460214568, 2.70119822072, 17:33:52.449914
39, 4, 0.36, 1.39844514833, 3.49287560872, 1.78444136218, 3.49287560872, 0.994460214568, 2.609584984, 17:34:19.524436
40, 0, 0.42, 1.39844514833, 3.49287560872, 1.78444136218, 3.49287560872, 0.994460214568, 2.609584984, 17:34:46.756437
40, 1, 0.34, 1.39844514833, 3.49287560872, 1.78444136218, 3.49287560872, 0.994460214568, 2.609584984, 17:35:13.029652
40, 2, 0.38, 1.39844514833, 3.8448610525, 1.78444136218, 3.8448610525, 0.994460214568, 2.609584984, 17:35:38.734061
40, 3, 0.4, 1.39844514833, 3.49287560872, 1.8019839946, 3.49287560872, 0.994460214568, 2.77782529752, 17:36:03.978694
40, 4, 0.38, 1.39844514833, 3.49287560872, 1.78444136218, 3.49287560872, 0.994460214568, 2.609584984, 17:36:28.243084
41, 0, 0.34, 1.39844514833, 3.49287560872, 1.78444136218, 3.49287560872, 0.994460214568, 2.609584984, 17:36:53.482854
41, 1, 0.3, 1.39844514833, 3.49287560872, 2.2691693117, 3.49287560872, 0.994460214568, 2.23665569986, 17:37:18.656037
41, 2, 0.34, 1.73606930638, 3.49287560872, 1.78444136218, 3.49287560872, 1.47486637955, 2.73100250052, 17:37:44.292196
41, 3, 0.3, 1.39844514833, 3.49287560872, 1.78444136218, 3.49287560872, 0.994460214568, 2.25253089754, 17:38:09.639383
41, 4, 0.24, 1.39844514833, 3.49287560872, 1.91834809764, 3.49287560872, 0.994460214568, 2.609584984, 17:38:34.892676
42, 0, 0.22, 0.940890850359, 3.49287560872, 1.91834809764, 3.49287560872, 0.994460214568, 2.609584984, 17:39:00.941893
42, 1, 0.28, 1.39844514833, 3.49287560872, 1.91834809764, 3.49287560872, 1.31317084907, 2.81659554528, 17:39:25.598276
42, 2, 0.22, 1.39844514833, 3.49287560872, 1.45893105805, 3.49287560872, 0.994460214568, 2.609584984, 17:39:50.381948
42, 3, 0.28, 1.39844514833, 3.49287560872, 1.91834809764, 3.49287560872, 0.994460214568, 2.609584984, 17:40:15.430135
42, 4, 0.24, 1.40295404292, 3.49287560872, 1.91834809764, 3.49287560872, 0.706669956417, 2.609584984, 17:40:41.394477
43, 0, 0.4, 1.40295404292, 3.49287560872, 1.60738752773, 3.49287560872, 0.706669956417, 2.609584984, 17:41:08.309954
43, 1, 0.3, 1.40295404292, 3.42860567954, 1.91834809764, 3.42860567954, 0.706669956417, 2.6475797314, 17:41:33.646866
43, 2, 0.32, 1.40295404292, 3.49287560872, 1.91834809764, 3.49287560872, 0.536797777672, 2.609584984, 17:42:00.154636
43, 3, 0.46, 1.21632889175, 3.49287560872, 1.7932145722, 3.49287560872, 0.706669956417, 2.609584984, 17:42:27.090705
43, 4, 0.38, 1.40295404292, 3.49287560872, 1.91834809764, 3.49287560872, 0.706669956417, 2.43405315496, 17:42:54.313148
44, 0, 0.3, 1.40295404292, 3.49287560872, 1.91834809764, 3.49287560872, 0.706669956417, 2.90275808638, 17:43:20.112792
44, 1, 0.34, 1.40295404292, 3.81276384515, 1.91834809764, 3.81276384515, 0.706669956417, 2.53070170884, 17:43:46.417133
44, 2, 0.34, 1.40295404292, 3.49287560872, 2.08257470417, 3.49287560872, 0.706669956417, 2.35241831767, 17:44:11.695178
44, 3, 0.36, 1.79880095363, 3.49287560872, 1.91834809764, 3.49287560872, 1.11617595811, 2.43405315496, 17:44:37.670031
44, 4, 0.28, 1.40295404292, 3.39590374161, 2.32373005482, 3.39590374161, 0.706669956417, 2.43405315496, 17:45:03.378342
45, 0, 0.44, 1.40295404292, 3.39590374161, 2.32373005482, 3.39590374161, 0.706669956417, 2.43405315496, 17:45:28.688211
45, 1, 0.32, 1.40295404292, 3.47946290351, 2.32373005482, 3.47946290351, 0.706669956417, 2.43405315496, 17:45:54.091314
45, 2, 0.5, 1.40295404292, 3.66833831953, 2.32373005482, 3.66833831953, 0.706669956417, 2.43405315496, 17:46:20.163130
45, 3, 0.34, 1.40295404292, 3.39590374161, 2.32373005482, 3.39590374161, 0.706669956417, 2.87326455599, 17:46:46.864377
45, 4, 0.3, 1.40295404292, 3.39590374161, 2.32373005482, 3.39590374161, 0.706669956417, 2.43405315496, 17:47:10.584211
46, 0, 0.44, 1.40295404292, 3.51639601039, 2.32373005482, 3.51639601039, 0.706669956417, 2.43405315496, 17:47:34.005848
46, 1, 0.4, 1.40295404292, 3.39590374161, 2.32373005482, 3.39590374161, 0.706669956417, 2.43405315496, 17:48:00.763700
46, 2, 0.34, 1.40295404292, 3.39590374161, 2.32373005482, 3.39590374161, 0.735120314881, 2.43405315496, 17:48:26.602264
46, 3, 0.38, 1.40295404292, 3.39590374161, 2.32373005482, 3.39590374161, 0.706669956417, 2.43405315496, 17:48:52.195368
46, 4, 0.4, 0.963424518939, 3.01994595194, 2.32373005482, 3.01994595194, 0.706669956417, 2.43405315496, 17:49:17.330987
47, 0, 0.32, 0.963424518939, 3.01994595194, 2.32373005482, 3.01994595194, 0.706669956417, 2.43405315496, 17:49:42.605878
47, 1, 0.34, 0.963424518939, 3.01994595194, 2.32373005482, 3.01994595194, 1.05568919443, 2.43405315496, 17:50:08.656463
47, 2, 0.34, 0.963424518939, 3.35534081878, 2.32373005482, 3.35534081878, 0.706669956417, 2.43405315496, 17:50:35.813319
47, 3, 0.38, 0.963424518939, 2.7949495684, 2.32373005482, 2.7949495684, 0.706669956417, 2.43405315496, 17:50:59.770913
47, 4, 0.3, 0.963424518939, 3.01994595194, 2.32373005482, 3.01994595194, 1.1216117384, 2.43405315496, 17:51:26.412757
48, 0, 0.48, 0.963424518939, 3.01994595194, 2.32373005482, 3.01994595194, 1.1216117384, 2.69153348014, 17:51:55.235305
48, 1, 0.36, 0.963424518939, 3.01994595194, 2.24839822073, 3.01994595194, 1.1216117384, 2.43405315496, 17:52:19.950960
48, 2, 0.38, 0.963424518939, 3.01994595194, 2.32373005482, 3.01994595194, 0.832098229682, 2.43405315496, 17:52:44.467909
48, 3, 0.34, 0.963424518939, 3.01994595194, 1.94355109069, 3.01994595194, 1.1216117384, 2.43405315496, 17:53:10.947970
48, 4, 0.4, 0.532130426459, 2.70469384813, 2.32373005482, 2.70469384813, 1.1216117384, 2.43405315496, 17:53:36.037725
49, 0, 0.3, 0.532130426459, 2.70469384813, 2.32373005482, 2.70469384813, 1.1216117384, 2.43405315496, 17:53:58.521378
49, 1, 0.48, 0.532130426459, 2.70469384813, 2.32373005482, 2.70469384813, 1.1216117384, 2.43405315496, 17:54:23.357228
49, 2, 0.3, 0.532130426459, 2.70469384813, 2.32373005482, 2.70469384813, 1.1216117384, 2.43405315496, 17:54:49.934517
49, 3, 0.5, 0.532130426459, 2.99375469356, 2.32373005482, 2.99375469356, 1.1216117384, 2.43405315496, 17:55:15.052150
49, 4, 0.3, 0.532130426459, 2.66575852197, 2.32373005482, 2.66575852197, 1.1216117384, 2.43405315496, 17:55:40.503134
50, 0, 0.34, 0.190059270341, 2.66575852197, 2.32373005482, 2.66575852197, 1.1216117384, 2.43405315496, 17:56:04.551956
50, 1, 0.4, 0.532130426459, 2.66575852197, 2.32373005482, 2.66575852197, 1.1216117384, 2.43405315496, 17:56:30.699234
50, 2, 0.46, 0.532130426459, 2.66575852197, 1.96798880922, 2.66575852197, 1.1216117384, 1.95576804723, 17:56:55.138833
50, 3, 0.28, 0.532130426459, 2.66575852197, 2.32373005482, 2.66575852197, 1.1216117384, 2.43405315496, 17:57:21.090834
50, 4, 0.48, 0.532130426459, 2.66575852197, 2.32373005482, 2.66575852197, 1.1216117384, 2.43405315496, 17:57:46.384217
51, 0, 0.28, 0.532130426459, 2.34111992938, 2.32373005482, 2.34111992938, 1.1216117384, 2.43405315496, 17:58:12.376567
51, 1, 0.38, 0.229306359084, 2.63752741103, 1.86518774173, 2.63752741103, 1.40353563541, 2.43405315496, 17:58:38.186694
51, 2, 0.42, 0.532130426459, 2.48225880436, 2.32373005482, 2.48225880436, 1.1216117384, 2.43405315496, 17:59:02.314982
51, 3, 0.4, 0.532130426459, 2.50438255693, 2.32373005482, 2.50438255693, 1.1216117384, 2.43405315496, 17:59:28.585895
51, 4, 0.38, 0.532130426459, 2.87226799849, 2.23808278691, 2.87226799849, 1.1216117384, 2.43405315496, 17:59:53.666171
52, 0, 0.32, 1.02617116418, 2.87226799849, 2.23808278691, 2.87226799849, 1.1216117384, 2.43405315496, 18:00:18.281980
52, 1, 0.42, 0.532130426459, 2.87226799849, 2.23808278691, 2.87226799849, 1.1216117384, 2.43405315496, 18:00:43.604785
52, 2, 0.32, 0.532130426459, 2.87226799849, 2.23808278691, 2.87226799849, 1.1216117384, 2.43405315496, 18:01:11.165228
52, 3, 0.3, 0.639349811668, 2.87226799849, 2.1207683184, 2.87226799849, 1.1216117384, 2.43405315496, 18:01:35.893654
52, 4, 0.3, 0.532130426459, 2.99923265482, 2.23808278691, 2.99923265482, 1.1216117384, 2.43405315496, 18:02:02.193488
53, 0, 0.46, 0.532130426459, 2.99923265482, 2.65646335674, 2.99923265482, 1.1216117384, 2.43405315496, 18:02:26.384480
53, 1, 0.38, 0.529764192059, 2.99923265482, 2.23808278691, 2.99923265482, 1.1216117384, 2.43405315496, 18:02:50.064420
53, 2, 0.5, 0.532130426459, 2.99923265482, 2.23808278691, 2.99923265482, 1.1216117384, 2.43405315496, 18:03:14.691118
53, 3, 0.36, 0.532130426459, 2.99923265482, 2.23808278691, 2.99923265482, 1.1216117384, 2.43405315496, 18:03:37.966309
53, 4, 0.34, 0.532130426459, 2.99923265482, 2.23808278691, 2.99923265482, 1.1216117384, 2.43405315496, 18:04:02.091323
54, 0, 0.46, 0.532130426459, 2.99923265482, 2.59403357121, 2.99923265482, 1.1216117384, 2.43405315496, 18:04:28.272804
54, 1, 0.4, 0.532130426459, 2.99923265482, 2.23808278691, 2.99923265482, 1.02181047666, 2.43405315496, 18:04:52.587420
54, 2, 0.2, 1.00252314705, 2.99923265482, 2.23808278691, 2.99923265482, 1.1216117384, 2.43405315496, 18:05:18.813073
54, 3, 0.44, 0.532130426459, 2.99923265482, 2.23808278691, 2.99923265482, 1.51179522591, 2.43405315496, 18:05:43.137922
54, 4, 0.36, 0.532130426459, 2.99923265482, 2.23808278691, 2.99923265482, 1.1216117384, 2.43405315496, 18:06:09.019573
55, 0, 0.34, 0.532130426459, 2.99923265482, 2.23808278691, 2.99923265482, 1.1216117384, 2.43405315496, 18:06:34.064118
55, 1, 0.36, 0.532130426459, 2.99923265482, 2.23808278691, 2.99923265482, 1.1216117384, 2.43405315496, 18:06:59.102359
55, 2, 0.34, 0.532130426459, 2.93788244364, 2.23808278691, 2.93788244364, 1.266658449, 2.10199422239, 18:07:25.746750
55, 3, 0.38, 0.532130426459, 2.99923265482, 2.23808278691, 2.99923265482, 1.1216117384, 2.43405315496, 18:07:50.748360
55, 4, 0.36, 0.532130426459, 2.99923265482, 2.23808278691, 2.99923265482, 1.1216117384, 2.43405315496, 18:08:14.902084
56, 0, 0.22, 0.560057129288, 2.99923265482, 2.23808278691, 2.99923265482, 1.1216117384, 2.43405315496, 18:08:38.775997
56, 1, 0.5, 0.532130426459, 2.99923265482, 2.23808278691, 2.99923265482, 1.1216117384, 2.43405315496, 18:09:02.103814
56, 2, 0.3, 0.532130426459, 2.99923265482, 2.23808278691, 2.99923265482, 1.1216117384, 2.43405315496, 18:09:26.332374
56, 3, 0.44, 0.532130426459, 2.99923265482, 2.23808278691, 2.99923265482, 0.755920580891, 2.43405315496, 18:09:50.055687
56, 4, 0.3, 0.532130426459, 2.99923265482, 2.23808278691, 2.99923265482, 1.1216117384, 2.43405315496, 18:10:16.692867
57, 0, 0.4, 0.532130426459, 2.99923265482, 2.23808278691, 2.99923265482, 1.1216117384, 2.43405315496, 18:10:42.678226
57, 1, 0.26, 0.427753841865, 2.99923265482, 2.23808278691, 2.99923265482, 1.59087357339, 2.43405315496, 18:11:08.164966
57, 2, 0.4, 0.532130426459, 2.99923265482, 2.23808278691, 2.99923265482, 1.1216117384, 2.43405315496, 18:11:34.154459
57, 3, 0.4, 0.532130426459, 2.99923265482, 2.23808278691, 2.99923265482, 1.1216117384, 2.43405315496, 18:12:00.429443
57, 4, 0.5, 0.532130426459, 2.99923265482, 2.23808278691, 2.99923265482, 1.1216117384, 2.43405315496, 18:12:25.468227
58, 0, 0.24, 0.532130426459, 2.99923265482, 2.23808278691, 2.99923265482, 1.03908125727, 2.43405315496, 18:12:50.738334
58, 1, 0.38, 0.593505342371, 2.99923265482, 2.23808278691, 2.99923265482, 1.1216117384, 2.43405315496, 18:13:15.258572
58, 2, 0.34, 0.532130426459, 3.19582796105, 2.23808278691, 3.19582796105, 1.1216117384, 2.43405315496, 18:13:39.293121
58, 3, 0.42, 0.532130426459, 2.99923265482, 2.23808278691, 2.99923265482, 1.41550963717, 2.49044266675, 18:14:03.536534
58, 4, 0.48, 0.532130426459, 2.99923265482, 2.23808278691, 2.99923265482, 1.1216117384, 2.43405315496, 18:14:26.454852
59, 0, 0.3, 0.532130426459, 2.99923265482, 2.23808278691, 2.99923265482, 0.751156764617, 2.43405315496, 18:14:51.395055
59, 1, 0.36, 0.26959458172, 2.94991277118, 2.23808278691, 2.94991277118, 1.1216117384, 2.49014812553, 18:15:16.814067
59, 2, 0.28, 0.532130426459, 2.99923265482, 2.23808278691, 2.99923265482, 1.1216117384, 2.43405315496, 18:15:43.292610
59, 3, 0.32, 0.532130426459, 2.99923265482, 2.23808278691, 2.99923265482, 1.1216117384, 2.43405315496, 18:16:06.768125
59, 4, 0.46, 0.532130426459, 2.99923265482, 2.23808278691, 2.99923265482, 1.1216117384, 2.43405315496, 18:16:32.101125
60, 0, 0.38, 0.532130426459, 2.50222102582, 2.23808278691, 2.50222102582, 1.1216117384, 2.43405315496, 18:16:55.988422
60, 1, 0.42, 0.532130426459, 2.99923265482, 2.23808278691, 2.99923265482, 1.1216117384, 2.43405315496, 18:17:19.815269
60, 2, 0.38, 0.532130426459, 2.76902795916, 2.23808278691, 2.76902795916, 1.1216117384, 2.43405315496, 18:17:45.175486
60, 3, 0.34, 0.532130426459, 2.99923265482, 2.23808278691, 2.99923265482, 1.559567134, 2.58168131025, 18:18:10.280756
60, 4, 0.36, 0.532130426459, 2.99923265482, 2.23808278691, 2.99923265482, 1.1216117384, 2.02273192514, 18:18:34.056523
61, 0, 0.44, 0.532130426459, 2.99923265482, 2.23808278691, 2.99923265482, 1.18392404542, 2.02273192514, 18:18:57.483003
61, 1, 0.36, 0.150242299602, 2.99923265482, 2.23808278691, 2.99923265482, 1.1216117384, 2.02273192514, 18:19:21.201556
61, 2, 0.48, 0.532130426459, 2.99923265482, 2.1351423446, 2.99923265482, 1.1216117384, 2.02273192514, 18:19:48.546627
61, 3, 0.42, 0.532130426459, 2.99923265482, 2.23808278691, 2.99923265482, 1.1216117384, 2.01441488853, 18:20:13.413001
61, 4, 0.46, 0.532130426459, 2.99923265482, 1.76595591908, 2.99923265482, 1.1216117384, 2.02273192514, 18:20:38.834399
62, 0, 0.38, 0.159093852326, 3.1644321941, 1.76595591908, 3.1644321941, 1.1216117384, 2.02273192514, 18:21:02.333713
62, 1, 0.32, 0.532130426459, 2.99923265482, 1.76595591908, 2.99923265482, 1.02071215661, 2.02273192514, 18:21:28.062185
62, 2, 0.28, 0.532130426459, 2.99923265482, 2.02261530084, 2.99923265482, 1.52994543833, 2.02273192514, 18:21:54.299669
62, 3, 0.46, 0.207894660437, 2.99923265482, 1.76595591908, 2.99923265482, 1.1216117384, 2.02273192514, 18:22:18.120205
62, 4, 0.48, 0.519896397767, 2.99923265482, 1.76595591908, 2.99923265482, 0.819546673319, 2.02273192514, 18:22:41.858836
63, 0, 0.32, 0.519896397767, 2.99923265482, 1.76595591908, 2.99923265482, 0.819546673319, 2.02273192514, 18:23:06.223792
63, 1, 0.4, 0.519896397767, 2.99923265482, 1.76595591908, 2.99923265482, 0.819546673319, 2.02273192514, 18:23:31.026722
63, 2, 0.44, 0.519896397767, 2.51719811311, 1.76595591908, 2.51719811311, 0.819546673319, 2.02273192514, 18:23:54.774092
63, 3, 0.48, 0.519896397767, 2.99923265482, 1.76595591908, 2.99923265482, 0.819546673319, 2.02273192514, 18:24:19.490442
63, 4, 0.4, 0.519896397767, 2.99923265482, 1.76595591908, 2.99923265482, 0.819546673319, 1.52881604071, 18:24:42.957853
64, 0, 0.4, 0.519896397767, 2.99923265482, 1.83720647078, 2.99923265482, 0.819546673319, 1.52881604071, 18:25:07.322056
64, 1, 0.34, 0.519896397767, 2.99923265482, 1.76595591908, 2.99923265482, 0.819546673319, 1.52881604071, 18:25:33.755007
64, 2, 0.28, 0.506552584758, 2.99923265482, 1.76595591908, 2.99923265482, 0.980622932417, 1.52881604071, 18:25:58.896153
64, 3, 0.42, 0.519896397767, 2.99923265482, 1.76595591908, 2.99923265482, 0.819546673319, 1.52881604071, 18:26:25.283195
64, 4, 0.24, 0.519896397767, 2.99923265482, 1.76595591908, 2.99923265482, 0.819546673319, 1.52881604071, 18:26:48.148641
65, 0, 0.48, 0.495246265976, 2.99923265482, 1.76595591908, 2.99923265482, 0.819546673319, 1.52881604071, 18:27:12.857282
65, 1, 0.34, 0.519896397767, 2.99923265482, 1.76595591908, 2.99923265482, 0.673426605485, 1.52881604071, 18:27:36.154515
65, 2, 0.4, 0.519896397767, 2.99903591658, 1.76595591908, 2.99903591658, 1.27616863615, 1.52881604071, 18:28:02.396456
65, 3, 0.54, 0.519896397767, 2.99923265482, 1.76595591908, 2.99923265482, 0.819546673319, 1.52881604071, 18:28:26.024686
65, 4, 0.34, 0.519896397767, 3.05822956133, 1.76595591908, 3.05822956133, 0.819546673319, 1.52881604071, 18:28:50.545075
66, 0, 0.42, 0.519896397767, 3.05822956133, 1.76595591908, 3.05822956133, 0.504445176288, 1.52881604071, 18:29:15.177310
66, 1, 0.48, 0.519896397767, 3.05822956133, 1.76595591908, 3.05822956133, 0.819546673319, 1.52881604071, 18:29:40.172805
66, 2, 0.22, 0.519896397767, 3.05822956133, 1.76595591908, 3.05822956133, 0.819546673319, 1.52881604071, 18:30:06.400880
66, 3, 0.42, 0.519896397767, 3.05822956133, 1.76595591908, 3.05822956133, 0.756112364532, 1.52881604071, 18:30:31.176902
66, 4, 0.48, 0.519896397767, 3.05822956133, 1.76595591908, 3.05822956133, 0.819546673319, 1.52881604071, 18:30:56.332547
67, 0, 0.44, 0.519896397767, 3.05822956133, 1.5577990452, 3.05822956133, 0.819546673319, 1.52881604071, 18:31:20.956140
67, 1, 0.38, 0.519896397767, 3.05822956133, 1.76595591908, 3.05822956133, 0.819546673319, 1.52881604071, 18:31:45.182690
67, 2, 0.26, 0.519896397767, 3.05822956133, 2.22571119006, 3.05822956133, 0.897133312795, 1.52881604071, 18:32:12.430401
67, 3, 0.36, 0.519896397767, 3.05822956133, 1.76595591908, 3.05822956133, 0.819546673319, 1.52881604071, 18:32:36.804825
67, 4, 0.32, 0.519896397767, 3.05822956133, 1.76595591908, 3.05822956133, 0.819546673319, 1.52881604071, 18:33:01.627611
68, 0, 0.28, 0.519896397767, 2.67021280264, 1.86759659706, 2.67021280264, 0.819546673319, 1.52881604071, 18:33:27.708211
68, 1, 0.24, 0.519896397767, 3.05822956133, 1.76595591908, 3.05822956133, 0.781316818, 1.32701844795, 18:33:54.975647
68, 2, 0.34, 0.519896397767, 3.05822956133, 1.76595591908, 3.05822956133, 0.819546673319, 1.52881604071, 18:34:20.225344
68, 3, 0.34, 0.519896397767, 3.05822956133, 1.76595591908, 3.05822956133, 0.819546673319, 1.52881604071, 18:34:44.998534
68, 4, 0.32, 0.519896397767, 3.05822956133, 1.76595591908, 3.05822956133, 0.819546673319, 1.52881604071, 18:35:09.334927
69, 0, 0.28, 0.519896397767, 3.05822956133, 1.76595591908, 3.05822956133, 0.819546673319, 1.52881604071, 18:35:35.096239
69, 1, 0.36, 0.721621417416, 3.13547237335, 1.63218331745, 3.13547237335, 0.819546673319, 1.52881604071, 18:35:59.098535
69, 2, 0.36, 0.667059499533, 3.05822956133, 1.76595591908, 3.05822956133, 0.819546673319, 1.52881604071, 18:36:24.316741
69, 3, 0.42, 0.519896397767, 3.05822956133, 1.76595591908, 3.05822956133, 0.819546673319, 1.52881604071, 18:36:48.829330
69, 4, 0.3, 0.519896397767, 3.05822956133, 1.76595591908, 3.05822956133, 0.819546673319, 1.41417676415, 18:37:16.269176
70, 0, 0.34, 0.282591602659, 3.05822956133, 1.76595591908, 3.05822956133, 0.819546673319, 1.41417676415, 18:37:41.252889
70, 1, 0.58, 0.519896397767, 3.05822956133, 1.76595591908, 3.05822956133, 1.05111909627, 1.41417676415, 18:38:06.383419
70, 2, 0.3, 0.946298697458, 3.05822956133, 1.76595591908, 3.05822956133, 0.819546673319, 1.41417676415, 18:38:31.458111
70, 3, 0.26, 0.519896397767, 3.05822956133, 1.76595591908, 3.05822956133, 0.819546673319, 1.41417676415, 18:38:56.867509
70, 4, 0.3, 0.519896397767, 3.05822956133, 1.76595591908, 3.05822956133, 0.819546673319, 1.36443760516, 18:39:21.858086
71, 0, 0.48, 0.697701286033, 3.05822956133, 1.76595591908, 3.05822956133, 0.819546673319, 1.36443760516, 18:39:44.462856
71, 1, 0.4, 0.966856446159, 3.05822956133, 1.76595591908, 3.05822956133, 0.819546673319, 1.36443760516, 18:40:10.321767
71, 2, 0.3, 0.519896397767, 3.05822956133, 1.50281450998, 3.05822956133, 0.819546673319, 1.52488727851, 18:40:35.678327
71, 3, 0.42, 0.519896397767, 3.05822956133, 1.76595591908, 3.05822956133, 0.819546673319, 1.36443760516, 18:41:01.304110
71, 4, 0.4, 0.519896397767, 3.05822956133, 1.76595591908, 3.05822956133, 0.819546673319, 1.36443760516, 18:41:25.505058
72, 0, 0.44, 0.519896397767, 3.05822956133, 1.76595591908, 3.05822956133, 0.819546673319, 1.36443760516, 18:41:49.577972
72, 1, 0.26, 0.519896397767, 3.05822956133, 1.66480605558, 3.05822956133, 0.819546673319, 1.36443760516, 18:42:15.058394
72, 2, 0.26, 0.519896397767, 3.35355231188, 1.76595591908, 3.35355231188, 0.819546673319, 1.36443760516, 18:42:38.576288
72, 3, 0.32, 0.519896397767, 3.05822956133, 1.76595591908, 3.05822956133, 0.819546673319, 1.36443760516, 18:43:02.537333
72, 4, 0.36, 0.519896397767, 3.05822956133, 1.76595591908, 3.05822956133, 0.866225143807, 1.36443760516, 18:43:27.067970
73, 0, 0.36, 0.519896397767, 3.05822956133, 1.76595591908, 3.05822956133, 1.21812321712, 1.82351842978, 18:43:51.932740
73, 1, 0.42, 0.519896397767, 2.86442896773, 1.76595591908, 2.86442896773, 0.866225143807, 1.36443760516, 18:44:16.659967
73, 2, 0.34, 0.519896397767, 3.05822956133, 1.76595591908, 3.05822956133, 0.866225143807, 1.36443760516, 18:44:43.024043
73, 3, 0.34, 0.519896397767, 3.05822956133, 1.76595591908, 3.05822956133, 1.23860237384, 1.36443760516, 18:45:09.958155
73, 4, 0.32, 0.519896397767, 3.05822956133, 1.76595591908, 3.05822956133, 0.866225143807, 1.36443760516, 18:45:33.294099
74, 0, 0.32, 0.519896397767, 3.05822956133, 1.76595591908, 3.05822956133, 0.997900942124, 0.956006627967, 18:45:56.933260
74, 1, 0.42, 0.519896397767, 3.05822956133, 1.76595591908, 3.05822956133, 0.866225143807, 1.71149760927, 18:46:22.268477
74, 2, 0.44, 0.519896397767, 3.05822956133, 1.76595591908, 3.05822956133, 0.866225143807, 0.920161074746, 18:46:47.217183
74, 3, 0.34, 0.735533423288, 3.05822956133, 1.76595591908, 3.05822956133, 0.866225143807, 1.36443760516, 18:47:12.556539
74, 4, 0.34, 0.905666403751, 2.64513937765, 1.76595591908, 2.64513937765, 0.739815905495, 1.36443760516, 18:47:37.988284
75, 0, 0.36, 0.905666403751, 2.64513937765, 1.76595591908, 2.64513937765, 0.739815905495, 1.36443760516, 18:48:05.152131
75, 1, 0.32, 1.28174865981, 2.64513937765, 1.76595591908, 2.64513937765, 0.739815905495, 1.36443760516, 18:48:31.859836
75, 2, 0.42, 0.905666403751, 2.79325575327, 1.76595591908, 2.79325575327, 0.739815905495, 1.17497067155, 18:48:59.725492
75, 3, 0.32, 0.905666403751, 2.64513937765, 1.76595591908, 2.64513937765, 0.344189030019, 1.36443760516, 18:49:23.381267
75, 4, 0.3, 0.905666403751, 2.64513937765, 1.76595591908, 2.64513937765, 0.739815905495, 1.36443760516, 18:49:47.784565
76, 0, 0.26, 0.905666403751, 2.64513937765, 1.76595591908, 2.64513937765, 0.739815905495, 1.20505272661, 18:50:12.371919
76, 1, 0.36, 0.905666403751, 2.64513937765, 1.76595591908, 2.64513937765, 1.09219754085, 0.925870158502, 18:50:38.375873
76, 2, 0.48, 0.905666403751, 2.23116786384, 1.76595591908, 2.23116786384, 0.739815905495, 1.36443760516, 18:51:06.131775
76, 3, 0.36, 0.905666403751, 2.64513937765, 1.76595591908, 2.64513937765, 0.739815905495, 1.36443760516, 18:51:31.575279
76, 4, 0.28, 0.905666403751, 2.64513937765, 1.76595591908, 2.64513937765, 0.739815905495, 1.36443760516, 18:51:58.022491
77, 0, 0.3, 0.905666403751, 2.54568681208, 1.76595591908, 2.54568681208, 0.739815905495, 1.36443760516, 18:52:24.080204
77, 1, 0.3, 1.37983454812, 2.64513937765, 1.76595591908, 2.64513937765, 0.739815905495, 1.36443760516, 18:52:54.049899
77, 2, 0.34, 0.905666403751, 2.64513937765, 1.76595591908, 2.64513937765, 0.739815905495, 1.36443760516, 18:53:20.465993
77, 3, 0.38, 0.905666403751, 2.64513937765, 1.76595591908, 2.64513937765, 0.739815905495, 1.51884569307, 18:53:47.099890
77, 4, 0.4, 1.20217615412, 2.62171118675, 1.76595591908, 2.62171118675, 0.739815905495, 1.36443760516, 18:54:14.117174
78, 0, 0.3, 1.20217615412, 2.62171118675, 1.76595591908, 2.62171118675, 0.739815905495, 1.36443760516, 18:54:40.778892
78, 1, 0.34, 1.20217615412, 2.62171118675, 1.76595591908, 2.62171118675, 0.739815905495, 1.36443760516, 18:55:08.156835
78, 2, 0.2, 1.20217615412, 2.62171118675, 1.76595591908, 2.62171118675, 0.997986109204, 1.36443760516, 18:55:34.792941
78, 3, 0.44, 1.20217615412, 2.50192367785, 1.76595591908, 2.50192367785, 0.739815905495, 1.36443760516, 18:56:02.899776
78, 4, 0.46, 1.20217615412, 2.62171118675, 1.37485974386, 2.62171118675, 0.768658209702, 1.3697268792, 18:56:28.872713
79, 0, 0.4, 0.86487015444, 2.62171118675, 1.37485974386, 2.62171118675, 0.768658209702, 1.31920806649, 18:56:55.862601
79, 1, 0.38, 1.20217615412, 2.62171118675, 1.37485974386, 2.62171118675, 1.17136795035, 1.22495994093, 18:57:23.008714
79, 2, 0.3, 0.802157386457, 2.33214386725, 1.37485974386, 2.33214386725, 0.768658209702, 1.1216999505, 18:57:49.531744
79, 3, 0.32, 1.20217615412, 2.62171118675, 1.37485974386, 2.62171118675, 0.768658209702, 1.3697268792, 18:58:15.258032
79, 4, 0.4, 1.20217615412, 2.62171118675, 1.37485974386, 2.62171118675, 0.306364217629, 1.01807006598, 18:58:41.727230
80, 0, 0.32, 1.20217615412, 2.62171118675, 1.37485974386, 2.62171118675, 0.306364217629, 1.01807006598, 18:59:09.440683
80, 1, 0.46, 1.20217615412, 2.62171118675, 1.37485974386, 2.62171118675, 0.145068017527, 1.01807006598, 18:59:36.068563
80, 2, 0.32, 1.20217615412, 2.62171118675, 1.51687505389, 2.62171118675, 0.306364217629, 1.01807006598, 19:00:03.034403
80, 3, 0.42, 1.20217615412, 2.62171118675, 1.37485974386, 2.62171118675, 0.306364217629, 1.01807006598, 19:00:28.478427
80, 4, 0.38, 1.20217615412, 2.38484944564, 1.37485974386, 2.38484944564, 0.306364217629, 0.697296930996, 19:00:55.780756
81, 0, 0.4, 0.830911348167, 1.95424697595, 1.37485974386, 1.95424697595, 0.306364217629, 0.697296930996, 19:01:23.110138
81, 1, 0.34, 1.20217615412, 2.38484944564, 1.63317033432, 2.38484944564, 0.306364217629, 0.697296930996, 19:01:50.931567
81, 2, 0.34, 1.20217615412, 2.38484944564, 1.37485974386, 2.38484944564, 0.306364217629, 0.697296930996, 19:02:17.815389
81, 3, 0.38, 1.20217615412, 2.38484944564, 1.37485974386, 2.38484944564, 0.306364217629, 0.697296930996, 19:02:44.480525
81, 4, 0.34, 1.20217615412, 2.38484944564, 1.37485974386, 2.38484944564, 0.306364217629, 0.599455391458, 19:03:11.857033
82, 0, 0.44, 1.37332883294, 2.38484944564, 1.37485974386, 2.38484944564, 0.306364217629, 0.350397927372, 19:03:40.664963
82, 1, 0.32, 1.20217615412, 2.38484944564, 1.37485974386, 2.38484944564, 0.306364217629, 0.599455391458, 19:04:08.412568
82, 2, 0.32, 1.20217615412, 2.53765761567, 1.37485974386, 2.53765761567, 0.306364217629, 0.599455391458, 19:04:35.809351
82, 3, 0.28, 1.20217615412, 2.38484944564, 1.0091324582, 2.38484944564, 0.306364217629, 0.599455391458, 19:05:02.542653
82, 4, 0.36, 1.20217615412, 2.38484944564, 1.37485974386, 2.38484944564, 0.306364217629, 0.599455391458, 19:05:29.441601
83, 0, 0.3, 1.20217615412, 2.38484944564, 1.37485974386, 2.38484944564, 0.306364217629, 0.599455391458, 19:05:57.455732
83, 1, 0.34, 1.20217615412, 2.38484944564, 1.37485974386, 2.38484944564, 0.306364217629, 0.599455391458, 19:06:24.866237
83, 2, 0.4, 1.20217615412, 2.38484944564, 1.37485974386, 2.38484944564, 0.306364217629, 0.599455391458, 19:06:51.372672
83, 3, 0.4, 1.20217615412, 2.38484944564, 1.71641588243, 2.38484944564, 0.306364217629, 0.599455391458, 19:07:16.973520
83, 4, 0.36, 0.713404577817, 2.38484944564, 1.37485974386, 2.38484944564, 0.319027601153, 0.599455391458, 19:07:41.469667
